"Tonight on the #IngrahamAngle @FrankLuntz @HeyTammyBruce @RaymondArroyo: What the media were reporting a year ago, how they avoided the @Comey scandal & more! @FoxNews 10pET"
"As mom used to say, they can dish it out but they can‚Äôt take it. #TheSensitivitySquad"
Some plaintiff‚Äôs firm is going to make tens of millions (or more) in contingency fees in a lawsuit against Juul given all the medical evidence coming out about vaping.
"A smaller but telling point: ‚Äúthe day after his removal, or ‚Äòvery shortly thereafter,‚Äô [Comey] retained attorneys Patrick Fitzgerald, David Kelly and Faniel Richman....‚Äù  ‚ÄîIG Report, p. 33"
"‚ÄúIn a country built on the rule of law, it is of utmost importance that all FBI employees adhere to Dept. and FBI policies, particularly when confronted by what appear to be extraordinary circumstances or compelling personal convictions.‚Äù ‚ÄîIG Report, p. 61"
"‚ÄúComey violated FBI policy and the requirements of his FBI employment agreement...[b]y disclosing the contents of Memo 4....‚Äù ‚Äîp. 56, IG Report in Jim Comey handling of Sensitive Investigative Info."
"‚ÄúComey‚Äôs characterization of the Memos as personal records find no support in the law...regulations, and policies defining Federal Records....‚Äù p. 52, IG Report on Jim Comey‚Äôs handling of FBI documents."
"The California Assembly has voted to allow pot on K-12 campuses. Now that your kids are getting ready to go back to school, we want to hear your thoughts on the prevalence of pot in schools since widespread legalization. Email your name and number to ingraham.podcast@gmail.com"
"From climate alarmism to Russia conspiracies, the Left continues to lurch further towards hysteria...while claiming Trump is the crazy one. We want to hear your thoughts on today‚Äôs NEW podcast. Email your name and number to ingraham.podcast@gmail.com"
Looking forward to our chat with @JudgeJeanine on tomorrow's #IngrahamPodcast! Email us with your Qs for the judge and we will call you back -- ingraham.podcast@gmail.com. And buy her terrific book!
Is President Trump taking the right approach in his tough trade negotiations with China? We want to hear your thoughts on today's #IngrahamPodcast. Email your name and number to ingraham.podcast@gmail.com
"Most foreign affairs ‚Äújournalists‚Äù are happiest with a US president in total capitulation to Europe‚ÄîIran Deal, climate change treaty, subservience to China.  So of course they claim the G-7 was a flop!"
Revealing to hear @Acosta of @CNN giving more credence to PRC about ongoing trade negotiations than to President Trump. #CommunistChina
Great news that Durable goods up above projections...the fundamentals of the US economy are solid as the Fed Chair said last week.
‚ÄúI‚Äôm aghast that some people trust the PRC more than they do the White House.‚Äù ‚Äî@jimcramer @CNBC #China @realDonaldTrump
"I truly don‚Äôt understand the point of any political movement that tries to help China.  Xi‚Äôs plans are bad for all Americans, whether you are on the left or right.  Goodnight."
"How about we gradually de-couple from China and say: ‚ÄúWe‚Äôll start reengaging when the trade cheating ends, the Dalai Lama is welcomed back, the Uighers & Christians aren‚Äôt oppressed, and political dissidents released.‚Äù #IngrahamAngle @FoxNews"
"Anyone concerned about trade and the economy shd be urging Congress to pass the #USMCA--which will spur U.S.  job growth.  And an infrastructure bill. Meanwhile, Sleepy Joe pushes a tax INCREASE."
"Politicians who work to persuade and listen to Americans who disagree can create movements that outlive them.  Trump needs to move into that mode.  With Dems marinating in pessimism, he wins as the tough but happy warrior."
"Now that the NYT has decided ""Trump's racism"" is the new ""Russian collusion,"" can we expect 16 months of nonstop race baiting from the media? We want to hear your thoughts on today's NEW podcast. Email your name and number to ingraham.podcast@gmail.com"
"The Left is rooting for a recession, ignoring Antifa violence and repeating antisemitic talking points. Are they purposefully trying to undermine and divide America?   We want to hear your thoughts on today's NEW podcast. Email your name and number to ingraham.podcast@gmail.com"
"Would the radical freshwomen ever allow people into their homes who insulted them, cheered for their demise, and even refused to recognize them as the rightful owners of the places? Answer: No.  #ForeverIsrael"
The future of an America with the pre-Trump Establishment view of China?  Looks a lot like Hong Kong.
Tune in for @RaymondArroyo filling in for me now on #IngrahamAngle @FoxNews 10p ET
And of course #SeenandUnseen with @RaymondArroyo tonight!  He examines a new Hollywood movie about political factions that could inspire more violence.
"On today‚Äôs podcast, we want to hear your thoughts on the radical Left‚Äôs divisive rhetoric against Trump and his supporters. Email your name and number to ingraham.podcast@gmail.com"
"Haven‚Äôt we have seen enough lives lost and unimaginable suffering caused by madmen with political vendettas and ‚Äútarget lists‚Äù?  @JoaquinCastrotx, try debating and stop demonizing."
What are the real causes of these senseless shootings? Are there cultural problems we're not addressing? We want to hear your thoughts on today's NEW podcast. Email your name and number to ingraham.podcast@gmail.com
"China oppresses Uighers, Christians, all ethnic minorities, women, gays and political dissidents.  They‚Äôre cracking down brutally on Hong Kong. Why are we propping them up, empowering them again?"
Before the stand off we sent about $160 billion in US exports to China.  They sent $500 billion worth of goods here.  Do the math‚Äîwe have a $20 trillion economy.  Not a big hit to us. Big for them.
The @nytimes is predictable and tired.  Banning speech is their answer to most problems these days‚Äîdemonizing and dividing when healing and unity are in order.
"Prediction: using the El Paso horror as justification, Dems will try to prevent @realDonaldTrump from campaigning across America.  The language some use to describe him merely escalates hatred and fear."
"If all we need is the ‚Äúright president‚Äù as was said this morning, then why did we have mass shootings under Obama?"
Attempts to blame President Trump for shooting: @CNN host asks @SenSanders if he thinks @realDonaldTrump is a white supremacist.  Sanders says yes.
"Senseless killing, pure evil came to the beautiful city of El Paso today.  Prayers for all the victims and their families.  Thanks to law enforcement and first responders for their heroic efforts."
Did you watch either of the #DemDebates? We want to hear your thoughts on today's podcast! Email your name and number to ingraham.podcast@gmail.com
"Hey @JulianCastro, if you were the HUD Secretary when Flint happened, doesn‚Äôt that prove that you aren‚Äôt the best person to address that issue?"
"Being Loony Left Means Never Having to Think it Through: What if other countries, like China, refuse to lower their greenhouse gas emissions?  What‚Äôs the actual plan here?"
"No one, including Dems on that stage, believe that any of these candidates will get further on health care than Obama did."
It‚Äôs important that Biden said he‚Äôll go back into the Paris Climate Accord.  The GOP will remind folks about that. Opening for Trump.
"Again, can‚Äôt we assume that if Democrats knew how to fix Baltimore, they would have already fixed it?"
The question from @cnn should be:  why will you be better than Obama was at addressing racial divisions?
I like @AndrewYang.  But I keep thinking he‚Äôll be replaced by a robot on stage soon.
"Can‚Äôt we assume that if the Democrats knew how to fix the public schools, they would have fixed them by now?"
I look forward to the 2020 Dems having a debate over how to fix the metropolitan school systems that are run almost entirely by Democrats.
And @KamalaHarris repeatedly asserts that claims she disagrees with are ‚Äúnot true.‚Äù  Is someone fact-checking her?
Wait.  Now Biden is a bad guy for not working against Barack Obama during his two terms in office?
America has been yearning for a long debate over Southern senators from the 1970‚Äôs.
We are now debating the 1970s and 1980s.  #LosingAmerica
Has any candidate beside Biden said anything nice about Obama?
Now we‚Äôve moved from the Newark P.D. to the NYPD.  How many of you agree with these candidates that the police in those cities are dangerous to the public?
Well Trump has the law enforcement vote locked up tonight. All being demonized by the Dems.
Is @KamalaHarris even at this debate?
Castro wants to end qualified immunity for police???  Wacko doesn‚Äôt realize we already have a massive shortage in police in major U.S. cities.
Now it‚Äôs all about federalizing local police! #SoFarLeftTheyLeftAmerica
Are we really having a debate over the history of the Newark police department?
So on the one hand we are all doomed because of climate change.  On the other we should welcome literally every potential immigrant in the world.
"I don‚Äôt understand why the open borders crowd talks about immigration reform.  They don‚Äôt need any new laws ‚Äî once you‚Äôre here, you‚Äôre here."
Jay Inslee is detestable.  How courageous to attack Trump instead of answer a question.
"So now Biden is saying Obama was too harsh on deportations! Answered ‚Äúno‚Äù when asked if he‚Äôd keep up Obama‚Äôs pace of 800,000 deportations."
And @MichaelBennet is like the one guy in your study group who keeps reminding everyone that they need to get ready for finals.  Almost feel sorry for him.  But he didn‚Äôt have to be a Democrat.
So Castro just admitted that he‚Äôs for open borders.  Decriminalizing border crossings + Marshall Plan for Central America...that‚Äôll work!
Did you watch the #DemDebate? We want to hear your thoughts on today's NEW podcast. Email your name and number to ingraham.podcast@gmail.com
Tune in for the first @FoxNews reaction to the #DemDebate @RudyGiuliani @SaraCarterDC @ralphreed @GovMikeHuckabee & more!
This is a really substantive debate and important Qs asked.  Only horrid bias was from Lemon but we expected that.  @jaketapper & @DanaBashCNN both handled topics well.
Yes @RepTimRyan would be great in Trump‚Äôs Cabinet!
"Here‚Äôs an idea.  Have California pay reparations.  They should be able to pass it out there, right? Then New York and every other Dem state.  They have the power to pay now‚Äîso just do it."
Pablum and pandering.  No one with real world experience on that stage other than @JohnDelaney.
"Universal college will eliminate racism?  How? And the logical follow up to all of this is‚Äîif it‚Äôs so smart, why didn‚Äôt Obama do it?"
Asking @BetoORourke a question is like throwing the ball to that kid in P.E. who always drops it.
Dems haven‚Äôt explained how we make energy a lot more expensive and still give everyone a better life?
"It‚Äôs official: @SenSanders, like @ewarren, is not very interested in freedom.  Americans aren‚Äôt giving up their cars, their guns or their employer-provided insurance."
I‚Äôm happy with having a presidential election about whether the oil industry should be outlawed.
More @marwilliamson please! Trump should and could get some of the ‚Äúback to earth‚Äù and ‚Äúnatural food‚Äù crowd.  Subsidies to farmers part of problem.
Remind me.  Whom did @ewarren put in jail from the ‚Äúbig banks‚Äù again?
Rep. Tim Ryan is making the obvious point‚Äîgood for him‚Äîdangling freebies won‚Äôt win the election.
Watching the #DemDebate... most sound like they think they‚Äôre running to be Prime Minister of Sweden.  There‚Äôs little recognition of what the U.S. is actually like.
John Delany is the smartest person on that #DemDebate stage by miles and miles.  He ran significant businesses‚ÄîMedicare already doesn‚Äôt cover doctors‚Äô costs.  Medicare for All tanks entire system.
Mexico and Guatemala are now doing more to support enforcement of US immigration law than the Democrats.
Are President Trump's criticisms of the politicians who run Baltimore racist? We want to hear your thoughts on today's NEW podcast. Email your name and number to ingraham.podcast@gmail.com
Tune in! Unmasking the reach of America‚Äôs far left tonight on #IngrahamAngle with @MrAndyNgo @pnjaban Conrad Black & a former #Antifa member spills the beans.  @FoxNews #IngrahamAngle
Huge wins for @realDonaldTrump legal & policy teams today on immigration at SCOTUS & in  Guatemala.  The extreme Left will go even more insane. Tune in! @FoxNews 10p #IngrahamAngle
Assisting in the Mueller Rescue: Notice how the cozy sympathetic media chuckle and laugh with Pelosi and Nadler at press conferences today.
That press conference was Pelosi‚Äôs best effort to save a disastrous week for Democrats.
Did you watch any of yesterday's #MuellerHearings? We want to hear your thoughts on today's podcast. Email your name and number to ingraham.podcast@gmail.com
Question: Did you write even one paragraph of the Mueller Report?
Here‚Äôs some advice.  Don‚Äôt build a big hearing around a lawyer who told you he didn‚Äôt want to be there.  #MuellerHearing
Are you watching today's #MuellerHearing? We want to hear your thoughts on today's NEW podcast. Email your name and number to ingraham.podcast@gmail.com
Have you witnessed censorship by social media or Big Tech? We want to hear your stories on today's NEW podcast. Email your name and number to ingraham.podcast@gmail.com
What‚Äôs America‚Äôs most important strength?
"And the asylees (MS 13 members) who killed in California? The 331 illegals who raped and assaulted kids in NC? ""Whether we are born here or seek refuge here, there's a place for us all,‚Äù said Michelle Obama."
Gene Scalia is the perfect pick for Labor Secretary.  He‚Äôs one of the nation‚Äôs top labor lawyers‚Äîand fellow Reagan Admin/Dept of Education alum! @realDonaldTrump @USDOL
"Is it ""racist"" to call out the anti-Americanism and anti-Semitism within the Democrat Party? We want to hear your thoughts on today's podcast. Email your name and number to ingraham.podcast@gmail.com"
"Trump policies working, so of course Dems are livid: Dow is up 93% from its 2007 peak.  That means your pension fund, your 401K, your Index mutual funds all way up. #peaceandprosperity"
This week is the 50th anniversary of #Apollo11. Is it time to go back to the moon? We want to hear your thoughts on today's podcast. Email your name and number to ingraham.podcast@gmail.com
Harris bounce? Not in New Hampshire. #LiveFreeorDie  Biden  24% Sanders/Warren each at 19% Buttigieg  10% Harris  9% Booker  2% O‚ÄôRourke  2%  CNN/Univ NH (+/-5.0% margin of error) p
Is America fundamentally a great country? We want to hear your thoughts on today's NEW podcast. Email your name and number to ingraham.podcast@gmail.com
"Looks like China‚Äôs reneging on its pledge to buy more soybeans from the US.  Trump shd respond by changing course, say no to China‚Äôs @Huawei! Unwise to have opened that door.  @realDonaldTrump"
"As Trump convenes the #SocialMediaSummit today, we want to hear your thoughts about Big Tech censoring conservatives and what we can do to stop it. Email your name and number to ingraham.podcast@gmail.com"
Should the Trump administration continue to pursue adding the citizenship question to the #2020Census? We want to hear your thoughts on today's NEW podcast. Email your name and number to ingraham.podcast@gmail.com
"Consistent, stunning raw athletic ability and determination from US women‚Äôs team! #WomensWorldCup2019"
"The bottom line is that either @paulkrugman doesn‚Äôt know what he‚Äôs talking about, or he‚Äôs hiding the facts.  Either way, he shouldn‚Äôt be writing columns on trade for the @nytimes."
"4.  He ignores fact that mfging jobs and wages are both growing faster than they did before @realDonaldTrump took office.  5.  He ignores the fact that we have the strongest economy of any G-7 country, and June jobs number‚Äî224,000‚ÄîBOOM!"
2.  He ignores the concessions that South Korea made to keep their trade deal.  3.  He ignores the fact that China agreed to come back to the table even after we raised tariffs in May.
"When open borders leftists like @JoaquinCastrotx run out of ideas, they run to reflexive racial defamation, w/ a dash of misogyny.  They caused this border crisis‚Äîand no amount of gaslighting, emotional photo ops or slander will exonerate them."
Heard @mercedesschlapp leaving the WH to help with campaign among other things. She was a huge asset to @realDonaldTrump ‚Äî a great talent and human being!
"Democrats use illegal immigrants as political pawns & props, without regard to how the current system enriches cartels, endangers women & children, and hurts working class Americans."
No masks should allowed to cover faces and hide identities at ANY protestors.  It‚Äôs a security issue.  Are the Antifa Marxist slime afraid to lose their barista jobs? Or upset mommy & daddy? #cowards
"Liberals once believed that it was a sign of strength for a president to go to extraordinary lengths for peace. President Trump did this today in North Korea.  Historic, regardless of the outcome."
Antifa is a terrorist organization. When will the Trump Admin label it as such? Americans who chronicle their behavior are being savagely beaten in the streets. @MrAndyNgo
"Kamala Harris executed a planned, fully choreographed hit on an already vulnerable and doddering Biden. When it got more complex‚Äîeliminating private insurance (‚Äúoh, I didn‚Äôt mean that!‚Äù)‚Äîshe flipped and flopped."
The Obamas won again. Kamala was always their choice.  She filleted Biden.
Chief Justice John Roberts should quit and run for office.  He‚Äôs obviously more interested in policy and being liked than upholding the Constitution.
Did you watch the #DemDebate last night? We want to hear your thoughts on today's NEW podcast. Email your name and number to ingraham.podcast@gmail.com
"Just now @clairecmc on @BetoORourke: ‚ÄúI can tell you this, open borders isn‚Äôt going to work.‚Äù"
"Have to say, @DonnyDeutsch is correct, if @ewarren is the nominee Trump wins easily.  It‚Äôs about knowing how Trump relates to audiences, regular folks."
Huge dust-up on @MSNBC just now‚Äî@DonnyDeutsch just said no one on stage tonight can best @realDonaldTrump.  And @Lawrence O‚ÄôDonnell didn‚Äôt like that AT ALL.
Elizabeth Warren should have run in 2016 because her economic talking pts are not describing the reality of American life in 2019. #outoftouch
"Is ""free"" college really free, and will it improve America's education system? We want to hear your thoughts on today's NEW podcast. Email your name and number to ingraham.podcast@gmail.com"
Studies show 70% of kids quit playing sports by the age of 13. Why do you think the majority of kids are quitting sports at such a young age? Email your name and number to ingraham.podcast@gmail.com so we can hear your thoughts on today's NEW #IngrahamPodcast
"Democrats know that if they can demoralize @realdonaldTrump's base on immigration, they improve their chances in 2020. The recent deportation pause or backtrack emboldened Pelosi & Co and incentivizes more illegal crossings."
"Wall or no wall, because of ONE Obama judge‚Äôs ruling, we are on track to have more than a million caught & released at our Southern border this year...never to be deported? even when a court orders it.  Can‚Äôt have bad headlines...to heck with American citizens."
"An alliance between radical open-borders non-profits like @RAICESTEXAS with Dems & the media, and ONE federal judge in California, has created the current crisis. Lies & distortions abound. The goal: ZERO detentions, ZERO deportations. Ever."
Someone tell @SenSanders that he can lose the ‚Äúup‚Äù in his endless ‚ÄúTrump is trying to divide us up...etc‚Äù rants.  #socialistgrammar
"Getting ready for the #IngrahamAngle ‚Äî @realDonaldTrump‚Äôs prudent vis a vis Iran, #ICE will begin enforcing immig court orders, pandemic fears...&why do 40% of millennials not wear deodorant? @RaymondArroyo @TheHRH @fscutz @DineshDSouza"
"The Dems cast Trump as reckless re. Iran, and then he counsels restraint and proportionality.  Smart.  And they look pathetic as usual."
"‚ÄúLet's show each other what we can do and try to be better to each other. That's just that's it. That's how you get ahead, in my view.‚Äù  ‚ÄîLaura Ingraham, #IngrahamPodcast (6/20/19) @thedailybeast #MediaMatters @maggieNYT ‚Äî try actual reporting, sans smear impulse."
"‚Äú[Let‚Äôs] try to move forward together as a country, and without regard to race, and without regard to where you came from....‚Äù"
Alex Azar is doing a phenomenal job as HHS Secretary.  Big victory against Planned Parenthood on Title X in 9th Cir no less.  Also making real progress on prescription drug prices w/ @realDonaldTrump.  Bravo!
"But quoting THAT in a segment with a African American author and academic wouldn‚Äôt fit the leftist narrative and goal of demonizing conservative speech.  And @maggieNYT is smarter than this, and should know better than to retweet inflammatory, defamatory garbage."
"For the record the quote from my podcast ‚Äúwe won, you lost, that‚Äôs that‚Äù was referencing the general world map that changed over millennia due to war‚Äîand we discussed how coming together as one people of all races would be best path forward."
"The leftists at the @thedailybeast and the Soros-Funded Media Matters have zero credibility‚Äî slapping misleading headlines on ‚Äústories‚Äù to malign, defame & misrepresent, to silence speech."
Does the arrest of a Syrian refugee for plotting to bomb a church in Pittsburgh demonstrate that Trump was right to pause immigration? Email your name and number to ingraham.podcast@gmail.com so we can hear your thoughts on today's NEW #IngrahamPodcast
Did you watch Trump's rally last night? Are you optimistic about 2020? Email your name and number to ingraham.podcast@gmail.com so we can hear your thoughts on today's podcast!
"Onward!  Trump‚Äôs focus on the American people, their dreams, their higher wages and their brighter future under his policies was SPOT-ON tonight. #2020"
"Sad about Shanahan. Senator Jim Webb for SecDef.  He‚Äôd get confirmed, is brilliant, and shares @realDonaldTrump‚Äôs view of the endless war syndrome."
"A @facebook cryptocurrency is GREAT news for cartels, money launderers, human traffickers, not to mention Iran, NoKo & Venezuela. @realDonaldTrump"
"Disturbing development if Zuckerberg‚Äôs @facebook, already found acting in bad faith re. privacy and bias, is allowed to undermine USD by launching a global cryptocurrency."
"Hey @realDonaldTrump Orlando rally attendees, be nice to @RaymondArroyo who will be on the scene to get your take on Trump versus the Democrat field. #TrumpRallyOrlando #IngrahamAngle"
"Should Trump ""live-tweet"" the Democrat debates, rather than let the candidates go at each other?"
How do you think the issue of abortion will affect the #2020 election? We want to hear your thoughts on the podcast. Email your name and number to ingraham.podcast@gmail.com
What are your thoughts on Trump's tweet declaring his intention to begin removing illegal immigrants from our country? Email your name and number to ingraham.podcast@gmail.com so we can hear what you think on today's NEW #IngrahamPodcast
"How they falsely frame: No, @JohnBerman, @realDonaldTrump didn‚Äôt announce a ‚Äúmajor anti-immigration operation;‚Äù but those ILLEGAL immigrants who ignore adverse court orders should be worried.  #ThisIsCNN"
How much screen time per day do you allow for your kids? Email your name and number to ingraham.podcast@gmail.com so we can hear your answers on today's podcast!
Do you have trouble getting away from screens and turning off social media? We want to hear your stories on today's podcast. Email your name and number to ingraham.podcast@gmail.com
"Is the Left's promotion of ""gender ideology"" causing harm to children? We want to hear your thoughts on today's podcast. Email your name and number to ingraham.podcast@gmail.com"
"The migrant crisis continues to worsen, as homelessness is on the rise in states like California. What will it take for Congress to finally act? Email your name and number to ingraham.podcast@gmail.com so we can hear your thoughts on today's NEW podcast!"
Labor Party share of vote in Peterborough down 17 percent‚Äîthey won special election by only 683 votes over the 2-month old Brexit Party. @Nigel_Farage
"If Congress had done its job on border issues, @realDonaldTrump wouldn‚Äôt need to consider tariffs.  They leave him with few options given the ongoing emergency they pretend isn‚Äôt happening."
Will pop on with @TuckerCarlson at 1:30a London Time! (You figure out your own time zone!) #TrumpUKVisit
Trump should just embrace the Trump Balloon: ‚ÄúI love babies. And I love Trump. So I love the Trump Baby Balloon!‚Äù
Fanatic: London Mayor Sadiq Khan never objected to state visit of China‚Äôs President Xi Jinping‚Äîwho imprisons almost a million Muslims & dissidents‚Äîbut he objects to Trump.
"Coming up on the #IngrahamAngle LIVE updates on the Va Beach shooter, and @newtgingrich @RudyGiuliani @RaymondArroyo @Mark_Penn @FoxNews"
Retweeting screenshots of despicable old tweets by racists and/or anti-semites must make those racists & anti-semites very happy. Unfortunately it does zero to elevate the debate in America. cc. @CNN
"Next week is the 75th anniversary of D-Day. If you have any family members who were there, we want to hear your story on today's podcast. Email your name and number to ingraham.podcast@gmail.com"
"The Mueller investigation ended over a month ago, but will the media and the Dems ever focus on pressing issues like the border crisis or passing the USMCA trade deal? We want to hear your thoughts on today's podcast. Email your name and number to ingraham.podcast@gmail.com"
Should social media companies remove edited videos that mock our political leaders? We want to hear your thoughts on today's podcast. Email your name and number to ingraham.podcast@gmail.com
The elites got it wrong again...populists and nationalists surged in the EU elections. Is this a sign for what's to come here in #2020? We want to hear your thoughts on today's podcast. Email your name and number to ingraham.podcast@gmail.com
More fear-mongering about the rise of nationalism from the Left ahead today's #EUelections2019 But is nationalism something to fear or celebrate? We want to hear your thoughts on today's podcast. Email your name and number to ingraham.podcast@gmail.com
"After seeing Robert F. Smith's incredible act of generosity at Morehouse College, shouldn't we focus more on private charity than ineffective government programs? We want to hear your thoughts on today's podcast. Email your name and number to ingraham.podcast@gmail.com"
"Dems claim they care about ""fundamental"" human rights - but those rights never extend to the unborn child. We want to hear your thoughts on this issue. Email your name and number to ingraham.podcast@gmail.com"
Do you trust that Joe Biden or any of the other 2020 Dems will put America First? We want to hear your thoughts on today's podcast. Email your name and number to ingraham.podcast@gmail.com
Look for more losses for the traditional parties at the EU on Thursday.  Further realignment away from pure globalist ideology.
Meddling Watch: China‚Äôs top priority now is beating @realDonaldTrump. I‚Äôve never understood why so many libertarians want to help the CCP.  @POTUS
"‚ÄúHis administration responded by providing a calendar in which 45 of the 120 days were redacted. Other days didn‚Äôt indicate whether he was in town, and some were blank.‚Äù @PeteButtigieg #MrTransparent"
"Every 2020 Dem shd be pressed on whether they agree with @PeteButtigieg on removing Thomas Jefferson‚Äôs name from streets, schools, etc. #antihistoryparty"
"POLL: Do you wash your feet when you shower‚Äîincl the soles? It‚Äôs a question burning up social media, and we hit it on @IngrahamAngle #FridayFollies tonight."
Tonight on the #IngrahamAngle the #BarrCrawl & #FridayFollies w/ @RaymondArroyo...and  @ShannonBream reveals the truth abt her teensy weensy red bikini at @MissUSA.
"Tonight LIVE on the #IngrahamAngle @AriFleischer @pnjaban Harmeet Dhillon, @DineshDSouza & @RaymondArroyo & more! @FoxNews 10pET"
Does Trump's immigration proposal do enough to protect the American worker? Email your name and number to ingraham.podcast@gmail.com so we can hear your thoughts on today's podcast!
"With automation threatening to replace millions of American jobs in the near future, should we be letting in more immigrants? We want to hear your thoughts on today's podcast. Email your name and number to ingraham.podcast@gmail.com"
"The president announced a full pardon for Canadian Conrad Black, former head of Hollinger, originally targeted by former US Atty (now Comey atty) Patrick Fitzgerald. SCOTUS tossed the main conviction. Good!"
"Dems want to eliminate private insurance, raise taxes, and pass Medicare-For-All.  Is this the best way to fix our healthcare system? We want to hear your thoughts on today's podcast. Email your name and number to ingraham.podcast@gmail.com"
War with Iran is one of the few almost certain paths for @realDonaldTrump to harm his re-election prospects.
Legal Eagle @Alyssa_Milano just said that Trump is guilty of ‚Äúcourt stacking‚Äù bc he has gotten 100 federal judges confirmed.
The boys who cried tariffs.  Market jumps 300 pts at open. Inflation nowhere in sight. We have a $20T economy‚Äîtariffs on $60-$100B are not debilitating.
The culture of victimization and identity politics has run amok in America. What consequences are you seeing in your life? Email your name and number to ingraham.podcast@gmail.com so we can hear your thoughts on today's podcast!
What's the solution to Big Tech censoring conservative voices? We want to hear your thoughts on today's podcast! Email your name and number to ingraham.podcast@gmail.com
"Query for #IngrahamAngle viewers, how many of you prefer less swamp politics and more culture on Fridays?  @FoxNews"
Now on #IngrahamAngle: Why @facebook breakup may not be the answer & @ChickfilA thrives under leftist boycotts with @MZHemingway @guypbenson & @RaymondArroyo #FridayFollies +@drdrew!
Tonight on the #IngrahamAngle @drdrew @MZHemingway @guypbenson & @RaymondArroyo with #FridayFollies.  10pET @FoxNews
"Radical Dems such as Nadler now claim we're in a ""Constitutional crisis."" How should President Trump respond to these endless investigations? Email your name and number to ingraham.podcast@gmail.com so we can hear your thoughts on today's podcast."
How can we get Congress to act NOW to solve the border crisis? We want to hear your thoughts on today's podcast. Email your name and number to ingraham.podcast@gmail.com
Big Pharma is one of the most powerful lobbies in US.  Both Republicans and Democrats under their thumb.  We must end this.
"Why not use most favored nation status so if a drug costs X in Canada and that is the lowest price in OECD countries, that's what we pay. We are biggest market in the world‚Äîwe consume about 40% of all prescription drugs. @realDonaldTrump"
And individual insurance co‚Äôs through their pharmacy benefit managers get widely differential drug pricing‚Äîwhich will not be revealed by this new Trump Admin price posting rules.
"Back in the ‚ÄúSwamp‚Äù tonight, exposing the ‚ÄúConstitutional crisis‚Äù claptrap from @RepJerryNadler with the best legal minds in US. #IngrahamAngle @FoxNews 10pET"
"France and Italy have larger economies than Russia. But Dems are acting like it's 1979, screaming ""the Russians are coming! The Russians are coming!"" Meanwhile China rolls over us and most don't say boo. So obvious."
"Watching the contemptible congressman @RepCohen in @HouseJudiciary, his sputtering and seething abt @realDonaldTrump speaks volumes. He said ""we're scared"" several times. Scared of Russia?! Grow up! #NewRedScare"
Prepare to hear him gloat on tmrws podcast!
...and needs to be (obviously) inspected. Of course sleepyhead @RaymondArroyo the smart one who kept our original flight! :-)
Then another mechanical problem forced @SouthwestAir to switch our planes. Now ‚Äúnew‚Äù plane ‚Äújust out of storage‚Äù has a ‚Äúnick on the engine blade‚Äù....
"Gotta laugh...We switched planes from @united to @SouthwestAir to come home early morn. flight. Then told tires needed replacing, but switch ‚Äúwould happen as fast as @NASCAR.‚Äù"
Terrific having @PeteFlores_TX on tonight‚Äîfirst Republican & Hispanic to win Texas Dist 19 in 139 years...during a 2018 blue wave.  Lessons to be learned.
"TONIGHT new shocking border video: @RaymondArroyo reports on the river & street; @VDHanson on new Trump immig plan; @WisenbergSol on the Barr chase; @DevinNunes on @FBI's willful ""spy"" blindness; @RCamposDuffy on pro-abort. doxx threat. #IngrahamAngle @FoxNews"
Tonight we're LIVE from Texas...the state that may just determine the future of America in 2020...and big BREAKING NEWS. #IngrahamAngle 10pm ET @foxnews
How can we get Congress to act NOW to solve the border crisis? We want to hear your thoughts on today's podcast. Email your name and number to ingraham.podcast@gmail.com
"Hey @JoeBiden, America sees where China appeasement got us. And we‚Äôre not going back."
If anyone should step down it‚Äôs @SpeakerPelosi who can‚Äôt run her circus...I mean caucus...and who has ZERO to show for her first 100 days back in power. #BarrTooHigh
It‚Äôs time to press pro-China @JoeBiden and @HillaryClinton on how much $ their families made in China or with China-related interests.
"In @SecPompeo America has an adult who sees the world (incl China) as it is.  China longs for the day to have pushovers Rice, Powers & Kerry back in at State."
"‚ÄúUnbelievable ignorance,‚Äù said @SecPompeo on @IlhanMN‚Äôs comments blaming the U.S. for Venezuela‚Äôs unrest. #IngrahamAngle"
"Facts not Opinions: The Obama DOJ was taking cues from FusionGPS, which was being paid by @HillaryClinton, then they set-up Papadopolous in London, as the DNC tried to get dirt on Trump from Ukraine. And Barr‚Äôs the problem?"
Is politics damaging our personal relationships with each other? How do we get back to putting politics aside so we can come together as a community? Email ingraham.podcast@gmail.com so we can hear your thoughts on today's podcast.
Dems are UNHINGED as Barr refuses to testify before the House today. We want to hear your thoughts on today's podcast! Email your name and number to ingraham.podcast@gmail.com
"ALREADY SPINNING TRUMP RE-ELECTION: @HillaryClinton just blamed her loss on Russia, and warned other 2020 candidates they can‚Äôt win until that is fixed."
Loved @TuckerCarlson‚Äôs segment with @BretEastonEllis tonight and @hannity‚Äôs with @KarlRove & @HawleyMO abt the pathetic  preening by Dems at Barr Hearing. #realfacts #truthagenda
"So let me get this straight, Dems‚Äô contention is that Barr decided to misrepresent Mueller‚Äôs findings, knowing full well he was releasing the entire 448-page report in a few wks anyway?"
"What Mueller's crew was likely most upset about wasn't Barr's synopsis, but the fact that they found no collusion with Russia and didn't have the stones to fight in court for a @realDonaldTrump sit-down."
"Understand this: today was as much about 2020 preening, auditioning as anything else. Take the cameras out of there, and half of them probably wouldn't have shown up. @SenAmyKlobuchar @CoryBooker @KamalaHarris"
Loved @KamalaHarris hitting Barr for not reading the million+ docs already read by Mueller team--Barr and Rosenstein accepted Mueller's findings and conclusions and sent them to Congress. The right thing to do.
"Hawaii should ask that Senator @maziehirono return her salary, with interest.  She's embarrassed herself and the state today with her unhinged, disrespectful ranting."
"Taxpayers should demand these Trump-hating, Barr bashing Democrats repay their salaries.  This Barr hearing is a complete & total farce."
"As the #BarrHearing gets underway, can the Dems shake their Mueller addiction? Email your name and number to ingraham.podcast@gmail.com so we can hear your thoughts on today's podcast."
"Dems flailed and failed on Trump-Russia collusion.  So to satisfy their base, they‚Äôve moved on to Barr-Trump collusion.  Lame."
Do these people understand the the Special Counsel works for the DOJ and that the DOJ is headed by Barr? Mueller thus reports to Barr.  Period.  #Govt101
"Not only did AG Barr have NO obligation to release the full report, he was under NO obligation to produce a brief synopsis.  He did both for transparency‚Äôs sake and is being crucified for it."
Coming up on #IngrahamPodcast‚Äîsearing FACTUAL analysis of the #Barr hearings and young  voters for @realDonaldTrump w/ new podcaster @charliekirk11!
This morning liberal media types are questioning #BillBarr‚Äôs credibility.  That‚Äôs the punchline.
Joining @FoxNews with @SandraSmithFox next!
Question all reporters shd ask if covering @JoeBiden: Does he still believe the USA should join the Trans-Pacific Partnership?
Be part of today‚Äôs podcast! Can Dems shake their Mueller addiction?  An LPGA golfer  threatened & harassed bc she golfed w/ @POTUS! Email your name and number to ingraham.podcast@gmail.com
"The other cables are melting down tonight.  They're addicts...and their drug is MRC...Mueller Russian Collusion.  Tonight on the #IngrahamAngle, we'll do an intervention. @newtgingrich @charliekirk11 @SteveScalise 10p @FoxNews"
Biden says you're not benefiting from the Trump economy. We want to hear your thoughts on today's podcast. Email your name and number to ingraham.podcast@gmail.com
"Fire the speechwriter, @JoeBiden. And he's desperately trying to punch out lines loudly, which just ends up sounding strained."
"Oh my God, if this is really the best @JoeBiden can do, the Democrats are in trouble.  It all seems tired and out of sync with the reality of this economy, esp wages & unemployment numbers. Dangling freebies to whoops and hollers. Hardly original."
"Joe Biden says we need to bring back the ""dignity of work."" Is he actually arguing that after 8 yrs under Obama, and only two under Trump, suddenly ""dignity of work"" has been destroyed? Wages are going UP, Joe!"
"This @JoeBiden speech is...just...sad.  ""All of America has to be rebuilt."" WHAT?!"
"At his first rally, Joe Biden says ""it's time to redefine what a successful economy looks like."" How convenient now that the economy, by even the measures the Obama Administration used, is ON FIRE. #GoalPostsShifting #Uninspired"
Watching @RaymondArroyo hosting the #IngrahamAngle...tune in. @FoxNews ... tmrw too!
"‚ÄúChina‚Äôs investments in the EU have seen a significant surge over the past decade. Nearly 9.5 percent of the bloc‚Äôs foreign-owned firms have their ownership based in China, Hong Kong, and Macau, up from 2.5 percent in 2007.‚Äù"
Tonight after @seanhannity & @TuckerCarlson catch @jasoninthehouse Chaffetz subbing for me! #IngrahamAngle @FoxNews 10pET.
A president cannot obstruct an investigation with fraudulent or  illegal origins.
"New York City collected 934 tons of metal, plastic, and glass a day from residents last year, a 33 percent increase from 2013."
"Reports are that many of the Sri Lankan dead are indeed elderly, women and children.  Now 207 dead.  Christians targeted for their faith.  Period.  Evil."
"The legal analysis on @FoxNews was consistently excellent throughout this #Mueller saga.  Thank you Ken Starr, @WisenbergSol @pnjaban John Yoo & Robert Ray.  #IngrahamAngle"
"Colluding to put on an awesome show tonight. Talking summer fashion, horoscopes, & affordable summer getaways. üòÉ #IngrahamAngle @FoxNews #NoCollusionNoObstruction"
"My colleague @Judgenap just said the Congress ‚Äúshould‚Äù make ‚Äúthe most out of‚Äù Mueller‚Äôs findings on obstruction. Two years and $30M, started by phony dossier...entire thing was tainted...and so are the Dems  crying foul."
"But is Hillary & Co. transparent & forthcoming when investigated?  If destroying thousands of emails & smashing Blackberry devices is transparency, YES!"
"Mueller‚Äôs team didn‚Äôt have the stomach to try to wage a legal fight over subpoenaing the President.  If they thought @realDonaldTrump was a criminal, they would have fought for a face-to-face."
Anyone on any network who is claiming that AG Bill Barr was acting in any way unethically here has zero credibility on ANY legal or political matters. #NeverTrumpFrauds
"The media who pretend to have veneer of objectivity, trashing one of the most experienced and respected legal thinkers in America, reveal themselves once again."
"Non lawyers with ZERO understanding of the underlying legal requirements, spouting IDIOCY.  The AG recounted what‚Äôs in the report and they trash him.  Mueller works for the DOJ, goofballs, not the other way around."
‚ÄúThis was a political speech endorsing the president‚Äôs behavior (by Barr).‚Äù ‚Äî @JeffreyToobin @CNN Beyond absurd and desperate.
"Barr wasn‚Äôt legally required to do this‚Äîpress statement, summary or give full report to Congress.  He did it anyway for transparency‚Äîand yet the jackals still not satisfied.  Media‚Äôs a total joke."
Bill Barr is exactly the man we need at the moment. No emotion.  No spin.  No hyperbole.  A study in contrast with today‚Äôs ‚Äúobjective‚Äù media.
Does the Mueller report vindicate Trump? Email your name and number to ingraham.podcast@gmail.com so we can hear your thoughts on today's podcast.
My goodness the reporters who are not lawyers need to do some basic legal research before asking questions of one of the smartest legal minds in America.  #MuellerReport #Barr
Do you think the Dems' message is hopeful and inspiring? We want to hear what you think on today's podcast. Email your name and number to ingraham.podcast@gmail.com
Should Congress return from their vacation to solve the immigration crisis? Email your name and number to ingraham.podcast@gmail.com so we can hear your thoughts on today's podcast!
"Tenebrae.  ""And, behold, the veil of the Temple was rent in twain from the top to the bottom; and the earth did quake, and the rocks rent"". ‚ÄîMatthew 27:51 (AV). #HolyWednesday #HolyWeek"
Do you agree with @SenSanders' plan to eliminate private insurance premiums and replace them with higher taxes? Email your name and number to ingraham.podcast@gmail.com so we can hear your thoughts on today's podcast.
Do you have any personal memories of #NotreDame? We want to hear your stories on today's podcast. Email your name and number to ingraham.podcast@gmail.com
"""We will rebuild Notre Dame...in the deepest sense, it is our destiny."" --French President Emanuel Macron"
Completely devastating loss of irreplaceable history centuries old.  #NotreDame
Do you believe spying of the Trump campaign occurred? We want to hear your thoughts on today's podcast. Email your name and number to ingraham.podcast@gmail.com
Are Democrats conducting oversight of the Trump administration or character assassination? We want to hear your thoughts on today's podcast. Email your name and number to ingraham.podcast@gmail.com
Is higher education worth the enormous cost of sending your kids to college? Email your name and number to ingraham.podcast@gmail.com so we can hear your thoughts on today's podcast.
"We want to hear your thoughts on the Dems accusing people like Candace Owens and Stephen Miller of being ""white nationalists."" Email your name, number and comments to ingraham.podcast@gmail.com"
Coming up @Jim_Jordan @RepMarkMeadows on the new Barr ‚ÄúFISA‚Äù team and more!
Obama downplayed his enforcement of immigration laws and deportations.  Trump embraces his obligation and is crucified for it. Many in media incredibly dishonest or lazy in reporting.
"As time went on, the Obama Admin just buckled, was overwhelmed by sheer volume of border crossers and gave up. Hence catch & release became norm. And here we are today."
Judge Dolly Gee ruled Obama was violating a 20yr case (Flores) by holding families longer than 20 days.  (Absurd!)
Obama initially built family detention facilities in Texas and New Mexico holding thousands and sent others to small 100-bed facility in Pennsylvania.
"Under Obama, heads of households were deported when child‚Äôs welfare was jeopardized, same happens today.  Then and now, deportees given option to take minor children with them, incl those born here. Some do not take children then complain abt separation."
Obama violated his own words thst US couldn‚Äôt allow illegal immigrants to just pour across border and that most would need to go back.
"The Obama Admin‚Äôs eventual answer to huge spike in UACs & family units? Across the board catch & release. This in turn triggered a BIGGER crisis.  Bring a child, you‚Äôre in."
Even Canada today announced it will now deny asylum seekers who either didn‚Äôt apply in the US or were denied here.  Are they a bunch of racists too?
"Blaming climate change for the crush at our border is Dems‚Äô way of absolving themselves from responsibility for enriching cartels, human traffickers and smugglers."
"The fault for one of the worst migration crises in human history lies with those who could have closed the loopholes, changed the law, and didn‚Äôt...Congress."
What steps should Trump take to solve the border crisis? And who should be the next Sec. of Homeland Security? Email your name and number to ingraham.podcast@gmail.com so we can hear your thoughts on today's podcast.
I remember when the American Civil Liberties Union used to be focused on protecting the civil liberties of actual Americans.
"Tonight on the #IngrahamAngle, @charliekirk11 @alvedaking @SaraCarterDC @JrzyJoePiscopo and we‚Äôre buying margaritas for everyone! @FoxNews 10pET"
Curious that the White House isn‚Äôt asserting Executive or Deliberative Process Privilege on presidential communications referenced in Mueller Report.
What are your thoughts on the vaping craze? Email your name and number to ingraham.podcast@gmail.com and you can be on my podcast this morning.
Is smart technology and social media becoming too addictive? We want to hear your stories. Email your name and number to ingraham.podcast@gmail.com and you can be on my podcast today.
Will identity politics help Dems retake the White House in 2020? Email your name and number to ingraham.podcast@gmail.com so we can hear your thoughts on today's podcast.
"Should Trump keep #MAGA as his 2020 slogan, or change it to Keep America Great? Email your name and number to ingraham.podcast@gmail.com so we can hear your thoughts on today's podcast."
My next podcast w/ @benshapiro: do we really have free speech in America today?  Email us Ingraham.podcast@gmail.com w/ name & phone if you want to join the fun.
"The open border shd have been closed long ago.  Those who have been ordered deported by court, located by @ICEgov and deported.  This would be a huge deterrent and save lives.  @realDonaldTrump"
"If we don‚Äôt seal the border, Republicans and @realDonaldTrump will have lost faith with a good segment of their voters.  Border is collapsing."
President Trump and Republicans should be working 24/7 to seal the border. 1.5M illegal aliens added to our population this year.
Will Dems and media finally admit there's a border crisis? Email your name and number to ingraham.podcast@gmail.com so we can hear your opinion on today's podcast.
What country is the biggest threat to America today?
Is #Smollett a victim or a villain? Email your name and number to ingraham.podcast@gmail.com so we can hear your opinion on today's podcast.
Tonight on the #IngrahamAngle Rudy G. fires back at the Left‚Äôs new attacks on AG Bill Barr; @ggreenwald on @CNN in denial.10pET @FoxNews
Two whole days of community service for @RPCoalition gets @JussieSmollett's charges dropped. #ChicagoJustice
"Full investigation into the state's attorney @SAKimFoxx should be immediately, too. #Corruption #TheReckoning"
Release full #MuellerReport and full Smollet grand jury report. @JussieSmollett
"""It's Mr. Smollet who committed this hoax....I stand by the facts produced."" -- Police Supt, Eddie Johnson. Of course, Rahm has to hit Trump, though, on ""moral equivalency"" over Charlottesville march. #SmolletHoax"
"""From top to bottom, this is not on the level.""   -- Rahm Emanuel, Chicago Mayor. @JussieSmollett"
"JUSSIE DO IT: One system of justice for the privileged, one for everyone else.  Rahm: ""Influence and power...No accountability in the system. It is wrong. Full stop."" @JussieSmollett"
"WOW.  ""This is a whitewash of justice,"" said Chicago Mayor Rahm Emanuel.  Is he a conservative ideologue too? #PrivilegevsJustice"
Should the Dems and media face consequences for spreading Russia-collusion lies? Email your name and number to ingraham.podcast@gmail.com so we can hear your thoughts on today's podcast.
"Meanwhile, @ICEgov has released 125,000 family units into the U.S. since December according to @foxnews. #IllegalSurge #Scandal #OpenBorders"
"The media enabled @MichaelAvenatti, never held him accountable or forced him to produce real evidence for his defamatory, outlandish claims against Kavanaugh and others."
Earth to @CNN and @msnbc: Mueller decided NO FURTHER investigation on obstruction was warranted‚Äîa decision made on the merits.  DOJ agreed. That means @potus was FULLY exonerated..
It‚Äôs Lent but it feels like Christmas.  Avenatti charged.  Trump cleared.
So Trump is cleared and former @cnn media darling and Trump basher @MichaelAvenatti was just charged with ‚Äúextortion‚Äù in New York against @Nike.
Rate your faith in the media now that the Mueller Investigarion is finished?
It is imperative that the DOJ doesn‚Äôt let this go.  Hoaxes must not come and go without consequences. #RussiaHoax
WH lawyer Emmett Flood is an unsung hero of this entire travesty.  @realDonaldTrump was lucky to have him and his entire legal team.
"Those responsible for starting this travesty, wasting taxpayers‚Äô money, harming the presidency, now must be fully investigated, and people should probably be going to jail.  #reprecussions @realDonaldTrump"
"Where are the apologies from Brennan, Clapper, @CNN, @MSNBC, @nytimes & @washingtonpost etc?  (Let‚Äôs keep the list going.)"
‚ÄúTotal and complete exoneration.‚Äù  Has anyone checked on @Acosta?
Is @Comey hiding behind the blue curtains again tonight? #MuellerReport
Will join my friend @TuckerCarlson at 8:45p who is on fire tonight. This aggressive criminalization of politics must never happen again. @FoxNews
Blockbuster night on LIVE  #IngrahamAngle to celebrate the end of  #Mueller Ken Starr @WisenbergSol @DevinNunes @ByronYork Joe DiGenova @peterschweizer. @FoxNews 10pET
‚ÄúThis is really good news for people around Donald Trump....It‚Äôs over. The Mueller investigation is over. The So. District investigation goes on...but the Mueller investigation is over!‚Äù ‚Äî@JeffreyToobin
"Of everyone in Congress now, @marcorubio is among the most insightful on the national security dangers of US trade with China.  Why aren‚Äôt we treating them like Reagan treated the USSR?"
"Who is the most radical Dem running for President? Email your name, number and comment to ingraham.podcast@gmail.com"
"Could you marry or date someone with different political views? Email your name, number and comment to ingraham.podcast@gmail.com so we can hear your thoughts on today's podcast."
Sounds like our Ambassador to Ukraine has some splaining to do.  #UkrainianMeddling
My new colleague @donnabrazile just credited Obama for @realDonaldTrump‚Äôs mfging jobs boom.  But Obama said those jobs weren‚Äôt coming back.
A special #IngrahamAngle tonight that @JoeBiden and @realDonaldTrump shouldn‚Äôt miss.  @FoxNews 10pET
"On today's podcast, we'll be joined by @mattfradd to discuss the dangers of porn addiction, and what steps people can take to conquer their addiction. If you have a story to share, email your name and number to ingraham.podcast@gmail.com"
Have you experienced or witnessed social media bias towards conservatives? Email your name and number to ingraham.podcast@gmail.com so we can hear your story on today's podcast.
"Should the voting age be lowered to 16 years old? We want to hear your opinion. Email your name, number and comment to ingraham.podcast@gmail.com."
"With Democrats openly supporting packing the court and abolishing the electoral college, which party is really undermining American institutions? Email your name and number to ingraham.podcast@gmail.com, so we can hear your thoughts on today's podcast."
Congratulations to Chris Landau on being nominated by @realDonaldTrump to be our new Ambassador to Mexico.  Brilliant choice.
"Coming up tonight on the #IngrahamAngle‚Äî@HUDgov‚Äôs Ben Carson, @benshapiro, Ken Starr, @WisenbergSol, @ggreenwald.  10p ET @FoxNews"
"Tonight on the #IngrahamAngle the media & leftists rush in to use tragedy to smash @realDonaldTrump. Harmeet Dhillon @pnjaban, @RaymondArroyo, @realJeffreyLord @HowardKurtz @TuckerCarlson"
Don‚Äôt call it a manifesto.  Sheer unadulterated evil. That‚Äôs what walked into two mosques and slaughtered innocents in New Zealand Friday.
Big show tonight‚Äî#IngrahamAngle EXCLUSIVE new details on illegal alien‚Äôs grisly murder of Calif woman & @BetoORourke‚Äôs premiere! @FoxNews 10p ET.
The author of the @VanityFair piece was on @msnbc and basically had to admit that @BetoORourke had no real vision or policy prescriptions.  #progressivepinup
Does Beto O'Rourke stand a chance in 2020? And what would you say to Republicans who vote against President Trump's national emergency? Email your name and number to ingraham.podcast@gmail.com so we can hear your thoughts.
Do you agree with some GOP senators to block the president‚Äôs emergency declaration on constitutional grounds?
The @Saints loss of @MarkIngram22 is the @Ravens HUGE gain.  Curious move by @Saints!
Why is Pelosi backing away from impeachment? We want to hear your thoughts. Email name and number to ingraham.podcast@gmail.com
"Are late night comics ruining their shows by infusing politics into every joke? Do you even watch their shows anymore? Email your name and number to ingraham.podcast@gmail.com, so we can hear your thoughts today."
"Tonight on the #IngrahamAngle‚Äî elites ensnared in admissions scandal, more China cheating, Amtrak Joe‚Äôs bizarre morning musings leave mouths agog. 10p @FoxNews"
Is anti-semitism rising in the Democrat party? Email your name and number to ingraham.podcast@gmail.com so we can hear your thoughts on today's podcast.
"What do you think about @AOC's comments on Reagan? Email your name and number to ingraham.podcast@gmail.com, and you can be on my podcast this morning!"
"If @SenGillibrand‚Äôs office investigated the harassment claim and couldn‚Äôt substantiate it, what was she supposed to do? Conservatives shd be careful here even if she was hideously unfair on Kavanaugh etc."
"Congress plainly delegated authority to @POTUS to declare national emergencies ‚Äî any Republican voting against this measure is saying 900 families/day, 76K illegals/mo apprehended at border isn‚Äôt an emergency.  Pathetic!"
"Fearless: If you want to protect open debate & free speech in America, join me tonight as we expose the organized mob of intolerance funded by @georgesoros & others like him.  #IngrahamAngle @FoxNews"
Media complicit in her self-inoculation:  @RepRashida @SHO_TheCircus says: ‚Äú...I think Islamophobia is among the Democratic Party as well as the Republican Party.‚Äù
Did Va. Lt Gov. Justin Fairfax host any International Women‚Äôs Day events today?
"Tonight #IngrahamAngle ‚Äî@newtgingrich, Ken Starr, Robert Ray, @RaymondArroyo, @realJeffreyLord on the Dems‚Äô radical infection, moronic Manafort hysteria, @JussieSmollett indictment."
"Marc Mukasey is handling the Trump Foundation matter too.  He‚Äôs a whip-smart, experienced white collar litigator who‚Äôs usu. hired to fight, not settle.  Interesting."
‚ÄúThe Trump Organization doesn't owe Michael Cohen one penny of legal fees.  This is a desperate money-grab by a desperate convicted felon.‚Äù
Marc Mukasey the new lawyer for the Trump Org on Cohen case.   (dad is former AG Mike Mukasey) just told me...
Should America bring in MORE legal immigrants when we have millions underemployed? Email your name and number to ingraham.podcast@gmail.com so we can hear your thoughts on today's podcast.
"We want to hear your thoughts on the border crisis, the Dems ignoring anti-Semitism, and whether it's still acceptable to listen to Michael Jackson's music. Email your name and number to ingraham.podcast@gmail.com, and you can be on the show today!"
"Why are Dems focused on endless investigations instead of the border crisis? Email your name and number to ingraham.podcast@gmail.com, so you can share your thoughts on my podcast this morning!"
President Trump listened to Ryan & McConnell who told him he‚Äôd get the wall money if he didn‚Äôt veto last year‚Äôs omnibus. An obvious mistake‚Äîhe cannot make similar one again.
"Congrats, @senatemajldr McConnell & @RandPaul! Congress has never voted once in the last 40 yrs ‚Äî since the National Emergencies Act has been in effect ‚Äî to terminate a state of emergency."
"Repubs(& Dems) who refused to push legislation to end catch & release & asylum fraud, CAUSED this border crisis and now fight @realDonaldTrump for declaring emergency.  Dereliction."
Huge #IngrahamAngle tonight.  Time to go on offense.
Reagan walked away in Reykjavik and Trump smartly walked away in Hanoi.  #PeaceThoughStrength
#2020 Dems pushing for slavery reparations. What are your thoughts? Email your name and number to ingraham.podcast@gmail.com and you can join my podcast.
Will admitted liar #MichaelCohen's testimony impacted your opinion of Trump? Email your name and number to ingraham.podcast@gmail.com and we'll try to get you on today's show.
Will anything admitted liar #MichaelCohen says today affect your opinion of President Trump? Email your thoughts to ingraham.podcast@gmail.com and we'll try to get you on the show.
"Why does the media ignore ""hate crimes"" against Trump supporters? Email your name and number to ingraham.podcast@gmail.com if you want to share your thoughts on my podcast today."
The Dark Gospel of the New (and Old) Democrats.  Coming up NOW on #ingrahamangle.  @FoxNews
"Hollywood out of touch, Dems apocalyptic on climate change, and NeverTrumpers' plans for 2020. These are just some of the topics we'll discuss on today's podcast. Email your name and number to ingraham.podcast@gmail.com if you want to be on today!"
"Let's get word to @BernieSanders: drop the preposition at the end of your tedious line: ""[Donald Trump] is trying to divide us up.""  It's incorrect substantively and grammatically."
It‚Äôs telling that the most stirring and memorable moment of the #AcademyAwards2019 was a duet with a piano and no politics.
Liberals love victims in theory as their policies create them in reality.  #responsibility #independence #rejectvictimhood
Jussie Say No...to Victimhood. #HoldontoYourPower #SelfReliance
"As the Dems lurch further to the left, will #NeverTrumpers swallow their pride and vote for Trump in 2020? Email your thoughts to ingraham.podcast@gmail.com, and you can be on my podcast. Also discussing the latest developments in the #JussieSmollettHoax"
"Coming up on the #IngrahamAngle, terrifying stories from Victimhood U., Smollett's ""empire""of lies collapses with new indictment, & another hilarious ""Twitter Smackdown of the Day.""  @foxnews 10pm ET."
"Have any exercise tips, or want advice from a fitness expert? Email your name and number to ingraham.podcast@gmail.com right now, and you can be on the show!"
"Want to be on my podcast today? Email your name, number and comment to ingraham.podcast@gmail.com. We want to hear your thoughts on the surge in hate crime hoaxes, and whether you're getting enough exercise!"
"Tonight on the #IngrahamAngle, the 2020 field luvs OPM...Covington Catholic kid hits @washingtonpost w/ $250M suit...liberal states' sue to stop @realdonaldtrump wall...& @piersmorgan on ISIS brides & celebs' sudden @JussieSmollett silence. @FoxNews 10 pmET"
What do you think about the #JussieSmollettHoax and Trump's national emergency declaration? Email your name and number to ingraham.podcast@gmail.com and you can join my podcast this morning!
"Tune into @FoxNews ... @JussieSmollett saga, Andy McCabe‚Äôs acting job, and @Martina Navratilova critiques male trans athletes for ruining women‚Äôs sports. #ingrahamangle"
"False, defamatory, poisonous, costly accusations by Blas√©-Ford, Swetnick, Smollet must all be punished to fullest extent of civil and/or criminal law."
They‚Äôre already talking about how @JussieSmollett can ‚Äúredeem himself‚Äù and that he ‚Äúshdnt be judged by this‚Äù...imagine reax if conservative had falsely accused liberal activists....
"Pundit/legal analysts like @cnn‚Äôs @JoeyJacksonEsq STILL soft-pedaling criticism of @JussieSmollett for what he did‚Äîthe resources, man-hrs wasted, the hate he engendered."
Raise your hand if you suspected this @JussieSmollett story was fake all along....
Watching @CNN coverage: Playing an old interview snippet from @GMA then anchor says: ‚Äúthe story has changed quite a bit.‚Äù  NO KIDDING.
Question: who did the actual WRITING of this bill?  Nancy & Chuck inserted lots of golden nuggets‚ÄîWhat did GOP get?
Everyone behind the coup to prevent then end the @realDonaldTrump presidency should have to pay back all the money this travesty has cost our taxpayers.
"Unelected former FBI deputy McCabe, @Comey, Stzrok, Page and countless others conspired to undue the results of the 2016 election.  Total disgrace. Yes, @realDonaldTrump is right not to ‚Äútrust‚Äù the system that allowed this."
Folks in Honduras or Guatemala thinking of joining a caravan and are just now hearing about this bill...of course are going to come.
"Remember, @realDonaldTrump signed that #omnibus last year, on promise he‚Äôd get his wall funding. They lied to him. Fool me once, shame on you.  Fool me twice..."
"This 1,169 page monstrosity will green light more ‚Äúfamily units‚Äù crossing illegally‚Äîwithout a doubt."
"This bill is tantamount to an illegal immigration ‚Äústimulus‚Äù ‚Äî de facto amnesty to any ‚Äúsponsor,‚Äù family member or ‚Äúpotential sponsor‚Äù of an unaccompanied minor.  #ChainMigrationAmnesty"
This bill must NOT be signed by @realDonaldTrump.
"So the president has his hand forced to sign a 1,159 page bill that we KNOW is filled with amnesty, PORK and wiggle room? Total SCAM! @realDonaldTrump wasn‚Äôt elected for this."
Should Trump sign the border security bill? Email your name and number to ingraham.podcast@gmail.com and we'll try to get you on the show! Also discussing anti-Christian bigotry against #ChrisPratt and the problems with modern dating.
After @realDonaldTrump signs this border deal‚Äîthe current depopulation of Central America into the US will only speed up. #travesty #bipartisanfailure
"Heckuva job, Congress! ‚Äú[A]ll of the more than 1,800 family members who crossed the border Monday arrived unlawfully, between official ports of entry...highest total we have on record.‚Äù"
"Now that the Senate Intel Cmtee found ZERO collusion between @realDonaldTrump and Russia, we see incontrovertibly that the entire basis for the Mueller probe was FRAUDULENT."
Let‚Äôs stop calling a $1.37 billion proposal ‚Äúwall funding.‚Äù It‚Äôs more like ‚Äústall funding‚Äù...kicking everything into 2020 cycle.
"Trump is not only fighting Democrats, he‚Äôs also fighting the Republicans on immigration. This is a cram-though and pushed by mostly #NeverTrump crowd."
"A border deal that doesn‚Äôt include asylum reform, that doesn‚Äôt end ‚Äúcatch & release‚Äù means we can expect the massive flow of ‚Äúfamily units‚Äù to continue."
"Public optimism in their personal economy has hit a 16-year high under President Trump, according to Gallup."
It was smart that @amyklobuchar did her announcement in snowstorm‚Äîas she joins a blizzard of other Dem candidates.  (Don‚Äôt believe the ‚Äúshe‚Äôs a moderate‚Äù thing tho!)
"The #IngrahamAngle goes to El Paso Monday, where I‚Äôll be interviewing @realDonaldTrump.  Tune in! 10p ET @FoxNews"
Conservatives claiming that @JoyVBehar is racist bc of an old costume are falling into the PC Puritans‚Äô trap.  Even if she‚Äôs often unfair to conservatives‚Äîstick to basic principles of fairness.
"How can Trump secure victory in #2020? Email your name, number and comment to ingraham.podcast@gmail.com so we can hear your thoughts on my podcast today."
"Dems collapsing in VA, their party moving further to socialism, and 2020 hopefuls like Elizabeth Warren already imploding. What are your thoughts on the Democrats? Email your name and number to ingraham.podcast@gmail.com so you can join my podcast today!"
"Tonight on #IngrahamAngle...Trump the Disrupter turned Uniter Flummoxes the #GhostGals; @RaymondArroyo exposes Pelosi's ""Clap On/Clap Off"" #SOTU moment; @michellemalkin on Dems' having tables turned on race & sex.  @foxnews 10p ET"
What did you think the #GhostGals at Trump's #SOTU look liked last night? Email your name and number to ingraham.podcast@gmail.com and you can be on my podcast!
Uproariously hilarious to see @Morning_Joe contort themselves to find fault in Trump‚Äôs #SOTU2019 ‚Äî another sign he connected with America.
"What did you think of last night's #SOTU? Email your name and number to ingraham.podcast@gmail.com, and you can be on today's podcast!"
"Results versus resistance and revenge.  The American people are fair-minded, which is why those who watched overwhelmingly liked it."
HILARIOUS moment when @CNN had to report results of its own instant poll‚Äî59% had ‚Äúvery positive‚Äù reaction to speech; 17% ‚Äúsomewhat positive.‚Äù #winning @realDonaldTrump
Dem women sitting on hands embarrassed themselves tonight‚Äîesp @SpeakerPelosi who often appeared to be doing the Crossword as @realDonaldTrump was speaking.
"No Republican has done better since Reagan bringing to light the gallantry and humility of American heroes, with a focus on healing the homefront.  #SOTU2019"
The #GhostGals won‚Äôt even applaud the jobs numbers from Friday! Apparently prefer more Americans out of the workplace.
Love how the ladies in white don‚Äôt clap for record low unemployment for African Americans!  #SurrenderSquad
"Talk to me on today‚Äôs podcast: email Ingraham.podcast@gmail.com w/ name, phone #. Northam, SOTU, and ‚ÄúAll aspects of Trump‚Äôs adult life‚Äù being investigated by SDNY."
"Class and enduring talent without gimmicks.  Thank you, @MsGladysKnight. The stadium loved you. #MidnightTraintoGeorgia"
FACT: Dominion Power does NOT want Lt Gov Justin Fairfax to take over the governorship from @RalphNortham bc Fairfax is opposed to their multi-billion gas pipeline.
"Tonight a LIVE #IngrahamAngle on the @RalphNortham KKK double standard, @Kaepernick7 crashing the Super Bowl, and #FakeNews exposed again."
Ed Gillespie should get a full refund from whosever ran his oppo research operation.  @RalphNortham
"Judge Amy Berman Jackson, Obama appointee, is mulling a gag order that wd harm @StoneColdRoger‚Äôs ability to raise $ for his defense fund.  A punitive, not corrective, move."
"‚ÄúGreat news all around‚Äù says @CNN, on the SPECTACULAR economic news today. 304,000 jobs created, wages rising, record labor participation, confidence boom. No 2020 Dem could ever do better.  Period. @realDonaldTrump"
"Coming up on #IngrahamAngle‚Äîformer fed agent who hunted sex traffickers & rescued victims; a wanna-be @HowardSchultz Slayer, and the latest in the @JussieSmollett case."
Trump nominated three phenomenal picks for the 9th Circuit. Conservative freak-out  followed false reporting of supposed cave to Dems. Chill!
Got #SuperBowl predictions? Email your name and number right now to ingraham.podcast@gmail.com to give your prediction on my podcast!
"Join my podcast today! Email your name, number and comment to ingraham.podcast@gmail.com. We'll discuss Virginia's outrageous infanticide law, the dumbing down of our education system, and your Super Bowl predictions!"
Don't miss @ChrisChristie on The Ingraham Angle right now!! @FoxNews
"Also @AdamKinzinger lecturing @realDonaldTrump on foreign policy is a complete joke.  Our endless interventionism helped empower Iran, create ISIS, and devastate Middle East‚Äôs Christian communities."
Just now @AdamKinzinger casually tossing around possibility of U.S. military intervention in Venezuela.  These pols are never as excited abt enforcing our own rule of law and borders.
Questions for @StoneColdRoger? Or @ChrisChristie? Email us at Ingraham.podcast@gmail.com and we will try to get you on air. #LiveLaughLearn @PodcastOne #SubscribeOrCry
Join the fun on today‚Äôs podcast by emailing us at Ingraham.podcast@gmail.com Kamala & Crew are comin‚Äô for your wallet with the failed promises of socialism‚Äîyou ready?
TONIGHT: @StoneColdRoger is here with his first interview since pleading not guilty to charges in the Mueller probe. @FoxNews
"Is it racist to ask students to speak English in school? Email your name, number and comment to ingraham.podcast@gmail.com, and we'll try to get you on my podcast!"
Hilarious to watch former Trump staffers who‚Äôve just written a book that betrays confidences complain about other Trump staffers who allegedly leak to press.
"Brokaw grovels to the PC police and the rabid Left devours its own...BREAKING NEWS Houston shooting, police gravely injured, tonight on the #IngrahamAngle 10pET."
"Want to be on my podcast? Email your name, number and comment to ingraham.podcast@gmail.com, and we‚Äôll try to get you on the show! Topics tomorrow are the 2020 candidates, border security, and the overmedication problem."
"Coming up on @foxnews... #IngrahamAngle on the @FBI ""storm trooper"" raid on Stone; what's at stake for @realdonaldtrump post-shutdown w/ #DiGenova, @ByronYork @SaraCarterDC and @WisenbergSol; and a special #FridayFollies w/ @RaymondArroyo. 10pm"
"Trump's re-opening the gov't fostered such goodwill! Pelosi today asked ""...what does Putin have on the President, politically, personally or financially?"" #ShutdownFizzle"
Now @CNN Acosta claims a potential shutdown deal is ‚Äúa bright shiny object‚Äù to distract from Stone indictment.  #Fool
OMG @CNN is acting like ‚Äúground-stops‚Äù are rare events in air travel!  Anyone who travels knows that LGA ground stops are not uncommon. The hype is pathetic.
Watching analysis of Stone arrest on TV ‚Äî shocking lack of honest and objective analysis.  Even criminal defense lawyers making huge leaps of logic with rank speculation.
"The @FBI arrest of Roger Stone at dawn, with dozens of helmeted agents, brandishing weapons, was totally unnecessary.  Treated him like El Chapo.  Political motives clear w/ @CNN tip-off."
"""We're cleaning up John Kerry's mess."" - @SecPompeo on today's podcast. Stay tuned for the whole interview."
"Vets - what do you think of Nathan Phillips and the Covington kids? Email your name, number and comment right now ingraham.podcast@gmail.com and you can be on the show!"
I‚Äôd do a three-part #SOTU.  First in Detroit.  Second at border. Third at Ellis Island.
"Want to be on my podcast tomorrow? We'll discuss Pelosi cancelling the #StateOfTheUnion, the continued smears of the Covington kids, and the transgender ban in the military. Email your name, number and comment to ingraham.podcast@gmail.com, and we'll try to get you on the show!"
‚ÄúAfraid to Testify:‚Äù Someone call the Academy! Michael Cohen has been robbed‚Äîshould have been a shoe-in for Best Supporting Actor.
"On tomorrow‚Äôs podcast, we‚Äôll discuss the smears against the Covington Catholic students, the Democrats‚Äô refusal to compromise over the shutdown, and the dangers of marijuana. Email your name, number and comment to ingraham.podcast@gmail.com and we‚Äôll try to get you on!"
Today‚Äôs podcast just posted‚Äîformer @Saints star @ZachStrief on RefGate; @HeyTammyBruce on the political assassins v. Catholic teens; and @ByronYork. Listen @PodcastOne or @iTunes
EXCLUSIVE on the new #LauraIngrahamPodcast ‚Äî the Covington Catholic students threatened by the leftist internet mob will be meeting with @realDonaldTrump at the White House as early as tomorrow.  @iTunes @PodcastOne
Podcast Mania! Covington Catholic cancels school today after leftwing radicals threaten students. To be part of today‚Äôs podcast contact us at Ingraham.podcast@gmail.com
Coming up...my EXCLUSIVE with @DonaldJTrumpJr on the @BuzzFeed Russia flop and two years of scrutiny.
"New Podcast tomorrow! Email your name, number and comment to ingraham.podcast@gmail.com if you want to be on the show! We will be discussing the effort to silence & intimidate conservatives, more fake news from @BuzzFeed and the NFL‚Äôs officiating debacle."
"Today @realDonaldTrump is offering a deal to the Dems that is better than many of them thought possible a year ago. If they dismiss it, they‚Äôve ignored DACA folks and security."
"‚ÄúThree good things only... deportation on honor violence murderers, mandated Swedish speaking ability and civic education about Sweden for passport eligibility, and 10k extra police on the street.‚Äù"
‚ÄúNone of the 72 political point this new Swedish coalition agreed on addressed the urgent issues that every Swede is worried about....‚Äù
‚ÄúViolence and parallel societies in Sweden...it‚Äôs out of control and the coalition agreement gives the country back to the people who created the mess‚Äîyet no one voted for them.‚Äù
"From Swedish pal (who doesn‚Äôt like Trump): ‚ÄúAnnie Loof, the centerparty leader is a zealot. The Sweden Dems and the two other right wing parties are in majority. The center party and liberal party who did this lost half their voters in 2 mos. It will get worse now.‚Äù"
"Every day the Dems and Republicans refuse to pass strong border security measures, is another day they‚Äôre putting American lives & the migrants lives at risk. Reprehensible."
"Until migrants know that they will be turned back at the border by a wall, or immed adjudication, or will not be allowed to work or get free stuff, they will keep coming."
"Danger to public health, burden on public schools and local budgets‚Äînot enough coverage of these ill-effects of massive border crush.  Media‚Äîtake off your ‚ÄúResist‚Äù buttons and do your jobs."
"Yes, @realDonaldTrump has ALREADY shown willingness to compromise‚Äîperhaps more details coming today...need to give something to get something."
"Trump needs to keep the pressure on‚Äîwall AND asylum reform, expedited turnbacks absolutely necessary. Dems are being exposed more every day as the party of open borders and lawlessness."
"Tune in for an #IngrahamAngle Special hosted by @davidwebbshow. And dude, lose the white privilege!"
"Women podcast listeners, your views on the softer more sensitive men pushed in the media, Hollywood and & advertisers today?  Join me on air now by emailing us at Ingraham.podcast@gmail.com #toxicmasculinity"
The president should give his SOTU speech‚Äî
"Interested in being on my new Podcast? Email me your name, number and comment to ingraham.podcast@gmail.com and I‚Äôll try to get you on! Tomorrow‚Äôs discussion includes the shutdown and the March For Life!"
"On today‚Äôs Podcast, we‚Äôll talk about how victimhood culture has run amok. If you want to be part of the discussion, email me your name, number and comment at ingraham.podcast@gmail.com and we‚Äôll try to get you on the show!"
"For a president who the media claims is autocratic, @realDonaldTrump sure settled on an odd AG candidate‚ÄîBarr is independent, brilliant and strong."
Love watching Democrats trying to trip up the consummate professional William Barr in his confirmation hearings.
Should flight attendants be tipped? And @HBO‚Äôs Sopranos anniversary gives us new nicknames. 10p ET @FoxNews.
Epic debate coming up on @FoxNews with @jorgeramosnews and me on border standoff. 10pm ET
"The cable ratings tell the story‚Äî@realdonaldTrump‚Äôs supporters want him to keep fighting for American safety & security.  Dems refuse to compromise‚Äîthe president already has, acting in good faith."
Hmmm...why was it be a good idea to have @realDonaldTrump give an ‚Äúoff the record‚Äù immig briefing to news anchors who despise him? @potus comments already leaked.
Coming up -- The Christian baker who went all the way to the Supreme Court -- and won... because he refused to make a wedding cake for a gay couple is back in court. He joins us EXCLUSIVELY to tell us why he's being punished this time. @FoxNews
"Trump believes in protecting American workers, American safety, American sovereignty.  Dems believe in resistance and obstruction.  Period."
Must‚Äôve missed the media demanding ‚Äúinstant fact checks‚Äù on Obama Admin after Susan Rice was sent out on four Sunday shows to lie after Benghazi.
"Spectacular win by @ClemsonFB. Very impressive at every level‚Äîand they may just have a future Hall of Famer QB.  Stellar.  As for @AlabamaFTBL, next year!"
What if many Americans see that the country can still function quite well with a fed govt trimmed by 20-25 percent? The prospect terrifies Dems and Big Govt Republicans.
"The @federalreserve shd rule out rate hikes given fact that inflation risk zero.  Phenomenal Dec jobs numbers. Thank you, @realDonaldTrump."
"President @realDonaldTrump must NOT relent in his focus to protect American borders.  He stands for homeland security.  Pelosi stands for open borders, the safety of Americans be damned."
"Remember in 2016 @realDonaldTrump not only had to beat the Dems, but also the GOP Establ (Bushes, Romney, Ryan).  This dynamic is at play once again.  #predictable"
"Report today that another, far larger, caravan assembling in Honduras of as many as 15,000 people.  About 1,000 illegals released every week. Will Pelosi & Schumer do nothing? McConnell? Hello?"
Trump should come out vehemently against the wall...then Democrats would hold a presser supporting one.
"If a police officer had shot and killed an illegal alien the media would be doing hourly reports, noting the current ‚Äúanti-migrant climate.‚Äù"
Has anyone asked Mattis if his resignation was requested by @realDonaldTrump? Is this a possibility given their policy differences?
Tune in LIVE Ingraham Angle 10p ET on the partial government shutdown hysteria.  @foxnews
"""Brian Kilmeade, 'Fox & Friends‚Äô host: Donald Trump ‚Äòrefounded ISIS‚Äô by withdrawing from Syria "" Remember: ISIS is a Sunni terror organization, detests Assad's Alawite regime, and Hezbollah and Iran, both of which are hated by ISIS as Shiite heretics. (from Patrick Buchanan)"
"""In the councils of government, we must guard against the acquisition of unwarranted influence, whether sought or unsought, by the military-industrial complex. The potential for the disastrous rise of misplaced power exists, and will persist."" -- Dwight D. Eisenhower"
Former Navy Secretary and former Asst Sec Def @JimWebbUSA would be someone to consider seriously for SecDef. His foreign policy views line up better with @realdonaldtrump and are not Bush 3.0.
Democrat Whiplash: Mattis‚Äôs resignation letter reads like it was written by Paul Wolfowitz and edited by Bill Kristol.  And Dems cheering!
"Socko show tonight. Shutdown-hype and SecDef Mattis bows out. Joined by @SteveScalise @GovMikeHuckabee @RepSeanDuffy @edhenry and the man behind the @gofundme campaign for ""the wall."""
McConnell should fight for the wall like he fought for Kavanaugh.
"Thank you to Rich, Mike and James...here‚Äôs to the next adventure!"
"After 17 1/2 years, 4 presidential elections, 3 adoptions, countless live shows from Iraq to Indiana, I hang up the radio headphones at noon today.  Thanks for being my extended family all these years.  Find me at @PodcastOne in January for something new."
It was supposed to be a ‚Äúbig beautiful wall‚Äù with a ‚Äúbig beautiful door.‚Äù Now it‚Äôs just an open door with no frame.  Unreal.  #BorderDisorder #GOPFail
Don't miss my exclusive interview with @DevinNunes right now on The Ingraham Angle! We'll discuss updates to the Michael Flynn case and more potential FBI abuses @FoxNews
"From @SecretaryCarson smashing back on my radio show at @NBCNews‚Äôs implication that Trump has nefarious motives in new ‚ÄúOpportunity Zone‚Äù regs: ‚ÄúThe [Opportunity] Zones are picked by the governors, not Jared Kushner.‚Äù"
Nuestra Senora De Guadelupe! December 12th.  Feast Day of the Patron Saint of the Americas.
Claymation Congressman @ericswalwell just speculated that @realDonaldTrump‚Äôs tariffs against China are bc of business he has there. Trump‚Äôs favored tariffs as an enforcement tool for decades.) #pathetic
"Update: Patrick Bowe, 14, (Pelham, NY) has been found! No word on circumstances.  Thank goodness! Thank you all for your prayers."
Trump must not give ground to Pelosi and Schumer.  Trump's instincts earlier this year was to VETO the omnibus without getting the money for the border wall. #NoWallNoDeal
"Tune in tonight for a LIVE #IngrahamAngle on Comey‚Äôs hearing deficit, the best analysis of the Manafort/Cohen memos, and the Hart-less Oscars. 10p @foxnews"
The telltale sign of a bad Trump pick‚Äîsomeone who leaves the Admin. and proceeds to trash @potus. Tillerson was ill-suited for the job from Day One.
Bill Barr and Heather Nauert at DOJ & UN -- two phenomenal picks by @realDonaldTrump.
Former AG Bill Barr would be an excellent AG.  Ditto for @GovChristie.
"Listening to @CNN bemoaning the use of tariffs against China‚Äîhow do THEY propose we respond to China‚Äôs proven cheating, dumping, IP theft & subsidies? With a ‚Äúpretty please‚Äù?"
"Of course, China is demonizing @USTradeRep Lighthizer bc he's incredibly effective.  He has been on to the Chinese racket for decades. @realDonaldTrump must not relent, and not be moved by momentary dips in Dow. China plays long ball."
Join us on this breaking news night RIGHT NOW with @jasoninthehouse @VDHanson & @WisenbergSol  and later we will be joined by @RaymondArroyo @CLewandowski_ & more! @FoxNews
We have a JAM-PACKED show for you tonight! @GovMikeHuckabee @mschlapp @ByronYork @Nigel_Farage & more. Tune in right now @FoxNews
Using memorial services or funerals to launch political attacks--exactly the sort of crassness they accuse @realDonaldTrump of exhibiting--is always wrong.
